name,age
name,age
John,30
Alice,25
Bob,28
Eve,35
Jan,88
Kees,42
Joost,36
Elise,22
Ali,24
John,30
Alice,25
Bob,28
Eve,35
Jan,88
Kees,42
Joost,36
Elise,22
Ali,24
John,30
Alice,25
Bob,28
Eve,35
Jan,88
Kees,42
Joost,36
Elise,22
Ali,24
John,30
Alice,25
Bob,28
Eve,35
Jan,88
Kees,42
Joost,36
Elise,22
Ali,24
name,age
John,30
Eve,35
Eve,35
Jan,88
Eve,35
Jan,88
Kees,42
Eve,35
Jan,88
Kees,42
Joost,36
Eve,35
Jan,88
Kees,42
Joost,36
Elise,22
Eve,35
Jan,88
Kees,42
Joost,36
Elise,22
Ali,24
Eve,35
Jan,88
Kees,42
Joost,36
Elise,22
Ali,24
John,30
Eve,35
Jan,88
Kees,42
Joost,36
Elise,22
Ali,24
John,30
Alice,25
Eve,35
Jan,88
Kees,42
Joost,36
Elise,22
Ali,24
John,30
Alice,25
Bob,28
Eve,35
Jan,88
Kees,42
Joost,36
Elise,22
Ali,24
John,30
Alice,25
Bob,28
Eve,35
Eve,35
Jan,88
Kees,42
Joost,36
Elise,22
Ali,24
John,30
Alice,25
Bob,28
Eve,35
Jan,88
Eve,35
Jan,88
Kees,42
Joost,36
Elise,22
Ali,24
John,30
Alice,25
Bob,28
Eve,35
Jan,88
Kees,42
Eve,35
Jan,88
Kees,42
Joost,36
Elise,22
Ali,24
John,30
Alice,25
Bob,28
Eve,35
Jan,88
Kees,42
Joost,36
Eve,35
Jan,88
Kees,42
Joost,36
Elise,22
Ali,24
John,30
Alice,25
Bob,28
Eve,35
Jan,88
Kees,42
Joost,36
Elise,22
Eve,35
Jan,88
Kees,42
Joost,36
Elise,22
Ali,24
John,30
Alice,25
Bob,28
Eve,35
Jan,88
Kees,42
Joost,36
Elise,22
Ali,24
Eve,35
Jan,88
Kees,42
Joost,36
Elise,22
Ali,24
John,30
Alice,25
Bob,28
Eve,35
Jan,88
Kees,42
Joost,36
Elise,22
Ali,24
John,30
Eve,35
Jan,88
Kees,42
Joost,36
Elise,22
Ali,24
John,30
Alice,25
Bob,28
Eve,35
Jan,88
Kees,42
Joost,36
Elise,22
Ali,24
John,30
Alice,25
Eve,35
Jan,88
Kees,42
Joost,36
Elise,22
Ali,24
John,30
Alice,25
Bob,28
Eve,35
Jan,88
Kees,42
Joost,36
Elise,22
Ali,24
John,30
Alice,25
Bob,28
Eve,35
Jan,88
Kees,42
Joost,36
Elise,22
Ali,24
John,30
Alice,25
Bob,28
Eve,35
Jan,88
Kees,42
Joost,36
Elise,22
Ali,24
John,30
Alice,25
Bob,28
Eve,35
Eve,35
Jan,88
Kees,42
Joost,36
Elise,22
Ali,24
John,30
Alice,25
Bob,28
Eve,35
Jan,88
Kees,42
Joost,36
Elise,22
Ali,24
John,30
Alice,25
Bob,28
Eve,35
Jan,88
Eve,35
Jan,88
Kees,42
Joost,36
Elise,22
Ali,24
John,30
Alice,25
Bob,28
Eve,35
Jan,88
Kees,42
Joost,36
Elise,22
Ali,24
John,30
Alice,25
Bob,28
Eve,35
Jan,88
Kees,42
Eve,35
Jan,88
Kees,42
Joost,36
Elise,22
Ali,24
John,30
Alice,25
Bob,28
Eve,35
Jan,88
Kees,42
Joost,36
Elise,22
Ali,24
John,30
Alice,25
Bob,28
Eve,35
Jan,88
Kees,42
Joost,36
Eve,35
Jan,88
Kees,42
Joost,36
Elise,22
Ali,24
John,30
Alice,25
Bob,28
Eve,35
Jan,88
Kees,42
Joost,36
Elise,22
Ali,24
John,30
Alice,25
Bob,28
Eve,35
Jan,88
Kees,42
Joost,36
Elise,22
Eve,35
Jan,88
Kees,42
Joost,36
Elise,22
Ali,24
John,30
Alice,25
Bob,28
Eve,35
Jan,88
Kees,42
Joost,36
Elise,22
Ali,24
John,30
Alice,25
Bob,28
Eve,35
Jan,88
Kees,42
Joost,36
Elise,22
Ali,24
Eve,35
Jan,88
Kees,42
Joost,36
Elise,22
Ali,24
John,30
Alice,25
Bob,28
Eve,35
Jan,88
Kees,42
Joost,36
Elise,22
Ali,24
John,30
Alice,25
Bob,28
Eve,35
Jan,88
Kees,42
Joost,36
Elise,22
Ali,24
John,30
Eve,35
Jan,88
Kees,42
Joost,36
Elise,22
Ali,24
John,30
Alice,25
Bob,28
Eve,35
Jan,88
Kees,42
Joost,36
Elise,22
Ali,24
John,30
Alice,25
Bob,28
Eve,35
Jan,88
Kees,42
Joost,36
Elise,22
Ali,24
John,30
Alice,25
Eve,35
Jan,88
Kees,42
Joost,36
Elise,22
Ali,24
John,30
Alice,25
Bob,28
Eve,35
Jan,88
Kees,42
Joost,36
Elise,22
Ali,24
John,30
Alice,25
Bob,28
Eve,35
Jan,88
Kees,42
Joost,36
Elise,22
Ali,24
John,30
Alice,25
Bob,28
Eve,35
Jan,88
Kees,42
Joost,36
Elise,22
Ali,24
John,30
Alice,25
Bob,28
Eve,35
Jan,88
Kees,42
Joost,36
Elise,22
Ali,24
John,30
Alice,25
Bob,28
Eve,35
Jan,88
Kees,42
Joost,36
Elise,22
Ali,24
John,30
Alice,25
Bob,28
Eve,35
Eve,35
Jan,88
Kees,42
Joost,36
Elise,22
Ali,24
John,30
Alice,25
Bob,28
Eve,35
Jan,88
Kees,42
Joost,36
Elise,22
Ali,24
John,30
Alice,25
Bob,28
Eve,35
Jan,88
Kees,42
Joost,36
Elise,22
Ali,24
John,30
Alice,25
Bob,28
Eve,35
Jan,88
Eve,35
Jan,88
Kees,42
Joost,36
Elise,22
Ali,24
John,30
Alice,25
Bob,28
Eve,35
Jan,88
Kees,42
Joost,36
Elise,22
Ali,24
John,30
Alice,25
Bob,28
Eve,35
Jan,88
Kees,42
Joost,36
Elise,22
Ali,24
John,30
Alice,25
Bob,28
Eve,35
Jan,88
Kees,42
Eve,35
Jan,88
Kees,42
Joost,36
Elise,22
Ali,24
John,30
Alice,25
Bob,28
Eve,35
Jan,88
Kees,42
Joost,36
Elise,22
Ali,24
John,30
Alice,25
Bob,28
Eve,35
Jan,88
Kees,42
Joost,36
Elise,22
Ali,24
John,30
Alice,25
Bob,28
Eve,35
Jan,88
Kees,42
Joost,36
Eve,35
Jan,88
Kees,42
Joost,36
Elise,22
Ali,24
John,30
Alice,25
Bob,28
Eve,35
Jan,88
Kees,42
Joost,36
Elise,22
Ali,24
John,30
Alice,25
Bob,28
Eve,35
Jan,88
Kees,42
Joost,36
Elise,22
Ali,24
John,30
Alice,25
Bob,28
Eve,35
Jan,88
Kees,42
Joost,36
Elise,22
Eve,35
Jan,88
Kees,42
Joost,36
Elise,22
Ali,24
John,30
Alice,25
Bob,28
Eve,35
Jan,88
Kees,42
Joost,36
Elise,22
Ali,24
John,30
Alice,25
Bob,28
Eve,35
Jan,88
Kees,42
Joost,36
Elise,22
Ali,24
John,30
Alice,25
Bob,28
Eve,35
Jan,88
Kees,42
Joost,36
Elise,22
Ali,24
name,age
name,age
John Doe,29
name,age
John Doe,29
Jane Smith,34
name,age
John Doe,29
Jane Smith,34
Emily Davis,22
name,age
John Doe,29
Jane Smith,34
Emily Davis,22
Michael Brown,45
name,age
John Doe,29
Jane Smith,34
Emily Davis,22
Michael Brown,45
Sarah Wilson,39
name,age
John Doe,29
Jane Smith,34
Emily Davis,22
Michael Brown,45
Sarah Wilson,39
David Lee,31
name,age
John Doe,29
Jane Smith,34
Emily Davis,22
Michael Brown,45
Sarah Wilson,39
David Lee,31
Amanda Miller,28
name,age
John Doe,29
Jane Smith,34
Emily Davis,22
Michael Brown,45
Sarah Wilson,39
David Lee,31
Amanda Miller,28
Joshua Taylor,37
name,age
John Doe,29
Jane Smith,34
Emily Davis,22
Michael Brown,45
Sarah Wilson,39
David Lee,31
Amanda Miller,28
Joshua Taylor,37
Laura Anderson,40
name,age
John Doe,29
Jane Smith,34
Emily Davis,22
Michael Brown,45
Sarah Wilson,39
David Lee,31
Amanda Miller,28
Joshua Taylor,37
Laura Anderson,40
Matthew Thomas,26
name,age
John Doe,29
Jane Smith,34
Emily Davis,22
Michael Brown,45
Sarah Wilson,39
David Lee,31
Amanda Miller,28
Joshua Taylor,37
Laura Anderson,40
Matthew Thomas,26
Olivia Jackson,33
name,age
John Doe,29
Jane Smith,34
Emily Davis,22
Michael Brown,45
Sarah Wilson,39
David Lee,31
Amanda Miller,28
Joshua Taylor,37
Laura Anderson,40
Matthew Thomas,26
Olivia Jackson,33
James Harris,50
name,age
John Doe,29
Jane Smith,34
Emily Davis,22
Michael Brown,45
Sarah Wilson,39
David Lee,31
Amanda Miller,28
Joshua Taylor,37
Laura Anderson,40
Matthew Thomas,26
Olivia Jackson,33
James Harris,50
Sophia Clark,24
name,age
John Doe,29
Jane Smith,34
Emily Davis,22
Michael Brown,45
Sarah Wilson,39
David Lee,31
Amanda Miller,28
Joshua Taylor,37
Laura Anderson,40
Matthew Thomas,26
Olivia Jackson,33
James Harris,50
Sophia Clark,24
Daniel Lewis,27
name,age
John Doe,29
Jane Smith,34
Emily Davis,22
Michael Brown,45
Sarah Wilson,39
David Lee,31
Amanda Miller,28
Joshua Taylor,37
Laura Anderson,40
Matthew Thomas,26
Olivia Jackson,33
James Harris,50
Sophia Clark,24
Daniel Lewis,27
Emma Robinson,41
name,age
John Doe,29
Jane Smith,34
Emily Davis,22
Michael Brown,45
Sarah Wilson,39
David Lee,31
Amanda Miller,28
Joshua Taylor,37
Laura Anderson,40
Matthew Thomas,26
Olivia Jackson,33
James Harris,50
Sophia Clark,24
Daniel Lewis,27
Emma Robinson,41
Lucas Walker,32
name,age
John Doe,29
Jane Smith,34
Emily Davis,22
Michael Brown,45
Sarah Wilson,39
David Lee,31
Amanda Miller,28
Joshua Taylor,37
Laura Anderson,40
Matthew Thomas,26
Olivia Jackson,33
James Harris,50
Sophia Clark,24
Daniel Lewis,27
Emma Robinson,41
Lucas Walker,32
Ava Young,38
name,age
John Doe,29
Jane Smith,34
Emily Davis,22
Michael Brown,45
Sarah Wilson,39
David Lee,31
Amanda Miller,28
Joshua Taylor,37
Laura Anderson,40
Matthew Thomas,26
Olivia Jackson,33
James Harris,50
Sophia Clark,24
Daniel Lewis,27
Emma Robinson,41
Lucas Walker,32
Ava Young,38
Henry Scott,42
name,age
John Doe,29
Jane Smith,34
Emily Davis,22
Michael Brown,45
Sarah Wilson,39
David Lee,31
Amanda Miller,28
Joshua Taylor,37
Laura Anderson,40
Matthew Thomas,26
Olivia Jackson,33
James Harris,50
Sophia Clark,24
Daniel Lewis,27
Emma Robinson,41
Lucas Walker,32
Ava Young,38
Henry Scott,42
Charlotte King,23
name,age
John Doe,29
Jane Smith,34
Emily Davis,22
Michael Brown,45
Sarah Wilson,39
David Lee,31
Amanda Miller,28
Joshua Taylor,37
Laura Anderson,40
Matthew Thomas,26
Olivia Jackson,33
James Harris,50
Sophia Clark,24
Daniel Lewis,27
Emma Robinson,41
Lucas Walker,32
Ava Young,38
Henry Scott,42
Charlotte King,23
Ethan Hall,36
name,age
John Doe,29
Jane Smith,34
Emily Davis,22
Michael Brown,45
Sarah Wilson,39
David Lee,31
Amanda Miller,28
Joshua Taylor,37
Laura Anderson,40
Matthew Thomas,26
Olivia Jackson,33
James Harris,50
Sophia Clark,24
Daniel Lewis,27
Emma Robinson,41
Lucas Walker,32
Ava Young,38
Henry Scott,42
Charlotte King,23
Ethan Hall,36
Isabella Allen,30
name,age
John Doe,29
Jane Smith,34
Emily Davis,22
Michael Brown,45
Sarah Wilson,39
David Lee,31
Amanda Miller,28
Joshua Taylor,37
Laura Anderson,40
Matthew Thomas,26
Olivia Jackson,33
James Harris,50
Sophia Clark,24
Daniel Lewis,27
Emma Robinson,41
Lucas Walker,32
Ava Young,38
Henry Scott,42
Charlotte King,23
Ethan Hall,36
Isabella Allen,30
Benjamin Nelson,48
name,age
John Doe,29
Jane Smith,34
Emily Davis,22
Michael Brown,45
Sarah Wilson,39
David Lee,31
Amanda Miller,28
Joshua Taylor,37
Laura Anderson,40
Matthew Thomas,26
Olivia Jackson,33
James Harris,50
Sophia Clark,24
Daniel Lewis,27
Emma Robinson,41
Lucas Walker,32
Ava Young,38
Henry Scott,42
Charlotte King,23
Ethan Hall,36
Isabella Allen,30
Benjamin Nelson,48
Mia Carter,35
name,age
John Doe,29
Jane Smith,34
Emily Davis,22
Michael Brown,45
Sarah Wilson,39
David Lee,31
Amanda Miller,28
Joshua Taylor,37
Laura Anderson,40
Matthew Thomas,26
Olivia Jackson,33
James Harris,50
Sophia Clark,24
Daniel Lewis,27
Emma Robinson,41
Lucas Walker,32
Ava Young,38
Henry Scott,42
Charlotte King,23
Ethan Hall,36
Isabella Allen,30
Benjamin Nelson,48
Mia Carter,35
Samuel Adams,44
name,age
John Doe,29
Jane Smith,34
Emily Davis,22
Michael Brown,45
Sarah Wilson,39
David Lee,31
Amanda Miller,28
Joshua Taylor,37
Laura Anderson,40
Matthew Thomas,26
Olivia Jackson,33
James Harris,50
Sophia Clark,24
Daniel Lewis,27
Emma Robinson,41
Lucas Walker,32
Ava Young,38
Henry Scott,42
Charlotte King,23
Ethan Hall,36
Isabella Allen,30
Benjamin Nelson,48
Mia Carter,35
Samuel Adams,44
Grace Perez,25
name,age
John Doe,29
Jane Smith,34
Emily Davis,22
Michael Brown,45
Sarah Wilson,39
David Lee,31
Amanda Miller,28
Joshua Taylor,37
Laura Anderson,40
Matthew Thomas,26
Olivia Jackson,33
James Harris,50
Sophia Clark,24
Daniel Lewis,27
Emma Robinson,41
Lucas Walker,32
Ava Young,38
Henry Scott,42
Charlotte King,23
Ethan Hall,36
Isabella Allen,30
Benjamin Nelson,48
Mia Carter,35
Samuel Adams,44
Grace Perez,25
Jackson Mitchell,49
name,age
name,age
John Doe,29
name,age
John Doe,29
Jane Smith,34
name,age
John Doe,29
Jane Smith,34
Emily Davis,22
name,age
John Doe,29
Jane Smith,34
Emily Davis,22
Michael Brown,45
name,age
John Doe,29
Jane Smith,34
Emily Davis,22
Michael Brown,45
Sarah Wilson,39
name,age
John Doe,29
Jane Smith,34
Emily Davis,22
Michael Brown,45
Sarah Wilson,39
David Lee,31
name,age
John Doe,29
Jane Smith,34
Emily Davis,22
Michael Brown,45
Sarah Wilson,39
David Lee,31
Amanda Miller,28
name,age
John Doe,29
Jane Smith,34
Emily Davis,22
Michael Brown,45
Sarah Wilson,39
David Lee,31
Amanda Miller,28
Joshua Taylor,37
name,age
John Doe,29
Jane Smith,34
Emily Davis,22
Michael Brown,45
Sarah Wilson,39
David Lee,31
Amanda Miller,28
Joshua Taylor,37
Laura Anderson,40
name,age
John Doe,29
Jane Smith,34
Emily Davis,22
Michael Brown,45
Sarah Wilson,39
David Lee,31
Amanda Miller,28
Joshua Taylor,37
Laura Anderson,40
Matthew Thomas,26
name,age
John Doe,29
Jane Smith,34
Emily Davis,22
Michael Brown,45
Sarah Wilson,39
David Lee,31
Amanda Miller,28
Joshua Taylor,37
Laura Anderson,40
Matthew Thomas,26
Olivia Jackson,33
name,age
John Doe,29
Jane Smith,34
Emily Davis,22
Michael Brown,45
Sarah Wilson,39
David Lee,31
Amanda Miller,28
Joshua Taylor,37
Laura Anderson,40
Matthew Thomas,26
Olivia Jackson,33
James Harris,50
name,age
John Doe,29
Jane Smith,34
Emily Davis,22
Michael Brown,45
Sarah Wilson,39
David Lee,31
Amanda Miller,28
Joshua Taylor,37
Laura Anderson,40
Matthew Thomas,26
Olivia Jackson,33
James Harris,50
Sophia Clark,24
name,age
John Doe,29
Jane Smith,34
Emily Davis,22
Michael Brown,45
Sarah Wilson,39
David Lee,31
Amanda Miller,28
Joshua Taylor,37
Laura Anderson,40
Matthew Thomas,26
Olivia Jackson,33
James Harris,50
Sophia Clark,24
Daniel Lewis,27
name,age
John Doe,29
Jane Smith,34
Emily Davis,22
Michael Brown,45
Sarah Wilson,39
David Lee,31
Amanda Miller,28
Joshua Taylor,37
Laura Anderson,40
Matthew Thomas,26
Olivia Jackson,33
James Harris,50
Sophia Clark,24
Daniel Lewis,27
Emma Robinson,41
name,age
John Doe,29
Jane Smith,34
Emily Davis,22
Michael Brown,45
Sarah Wilson,39
David Lee,31
Amanda Miller,28
Joshua Taylor,37
Laura Anderson,40
Matthew Thomas,26
Olivia Jackson,33
James Harris,50
Sophia Clark,24
Daniel Lewis,27
Emma Robinson,41
Lucas Walker,32
name,age
John Doe,29
Jane Smith,34
Emily Davis,22
Michael Brown,45
Sarah Wilson,39
David Lee,31
Amanda Miller,28
Joshua Taylor,37
Laura Anderson,40
Matthew Thomas,26
Olivia Jackson,33
James Harris,50
Sophia Clark,24
Daniel Lewis,27
Emma Robinson,41
Lucas Walker,32
Ava Young,38
name,age
John Doe,29
Jane Smith,34
Emily Davis,22
Michael Brown,45
Sarah Wilson,39
David Lee,31
Amanda Miller,28
Joshua Taylor,37
Laura Anderson,40
Matthew Thomas,26
Olivia Jackson,33
James Harris,50
Sophia Clark,24
Daniel Lewis,27
Emma Robinson,41
Lucas Walker,32
Ava Young,38
Henry Scott,42
name,age
John Doe,29
Jane Smith,34
Emily Davis,22
Michael Brown,45
Sarah Wilson,39
David Lee,31
Amanda Miller,28
Joshua Taylor,37
Laura Anderson,40
Matthew Thomas,26
Olivia Jackson,33
James Harris,50
Sophia Clark,24
Daniel Lewis,27
Emma Robinson,41
Lucas Walker,32
Ava Young,38
Henry Scott,42
Charlotte King,23
name,age
John Doe,29
Jane Smith,34
Emily Davis,22
Michael Brown,45
Sarah Wilson,39
David Lee,31
Amanda Miller,28
Joshua Taylor,37
Laura Anderson,40
Matthew Thomas,26
Olivia Jackson,33
James Harris,50
Sophia Clark,24
Daniel Lewis,27
Emma Robinson,41
Lucas Walker,32
Ava Young,38
Henry Scott,42
Charlotte King,23
Ethan Hall,36
name,age
John Doe,29
Jane Smith,34
Emily Davis,22
Michael Brown,45
Sarah Wilson,39
David Lee,31
Amanda Miller,28
Joshua Taylor,37
Laura Anderson,40
Matthew Thomas,26
Olivia Jackson,33
James Harris,50
Sophia Clark,24
Daniel Lewis,27
Emma Robinson,41
Lucas Walker,32
Ava Young,38
Henry Scott,42
Charlotte King,23
Ethan Hall,36
Isabella Allen,30
name,age
John Doe,29
Jane Smith,34
Emily Davis,22
Michael Brown,45
Sarah Wilson,39
David Lee,31
Amanda Miller,28
Joshua Taylor,37
Laura Anderson,40
Matthew Thomas,26
Olivia Jackson,33
James Harris,50
Sophia Clark,24
Daniel Lewis,27
Emma Robinson,41
Lucas Walker,32
Ava Young,38
Henry Scott,42
Charlotte King,23
Ethan Hall,36
Isabella Allen,30
Benjamin Nelson,48
name,age
John Doe,29
Jane Smith,34
Emily Davis,22
Michael Brown,45
Sarah Wilson,39
David Lee,31
Amanda Miller,28
Joshua Taylor,37
Laura Anderson,40
Matthew Thomas,26
Olivia Jackson,33
James Harris,50
Sophia Clark,24
Daniel Lewis,27
Emma Robinson,41
Lucas Walker,32
Ava Young,38
Henry Scott,42
Charlotte King,23
Ethan Hall,36
Isabella Allen,30
Benjamin Nelson,48
Mia Carter,35
name,age
John Doe,29
Jane Smith,34
Emily Davis,22
Michael Brown,45
Sarah Wilson,39
David Lee,31
Amanda Miller,28
Joshua Taylor,37
Laura Anderson,40
Matthew Thomas,26
Olivia Jackson,33
James Harris,50
Sophia Clark,24
Daniel Lewis,27
Emma Robinson,41
Lucas Walker,32
Ava Young,38
Henry Scott,42
Charlotte King,23
Ethan Hall,36
Isabella Allen,30
Benjamin Nelson,48
Mia Carter,35
Samuel Adams,44
name,age
John Doe,29
Jane Smith,34
Emily Davis,22
Michael Brown,45
Sarah Wilson,39
David Lee,31
Amanda Miller,28
Joshua Taylor,37
Laura Anderson,40
Matthew Thomas,26
Olivia Jackson,33
James Harris,50
Sophia Clark,24
Daniel Lewis,27
Emma Robinson,41
Lucas Walker,32
Ava Young,38
Henry Scott,42
Charlotte King,23
Ethan Hall,36
Isabella Allen,30
Benjamin Nelson,48
Mia Carter,35
Samuel Adams,44
Grace Perez,25
name,age
John Doe,29
Jane Smith,34
Emily Davis,22
Michael Brown,45
Sarah Wilson,39
David Lee,31
Amanda Miller,28
Joshua Taylor,37
Laura Anderson,40
Matthew Thomas,26
Olivia Jackson,33
James Harris,50
Sophia Clark,24
Daniel Lewis,27
Emma Robinson,41
Lucas Walker,32
Ava Young,38
Henry Scott,42
Charlotte King,23
Ethan Hall,36
Isabella Allen,30
Benjamin Nelson,48
Mia Carter,35
Samuel Adams,44
Grace Perez,25
Jackson Mitchell,49
